nom,vie,attaque,defense,vitesse,type
Rattata,0.08163265306122448,0.31875,0.15384615384615385,0.46206896551724136,Normal
Rattatac,0.1836734693877551,0.475,0.28205128205128205,0.6344827586206897,Normal
Miaouss,0.12244897959183673,0.25,0.15384615384615385,0.5862068965517241,Normal
Persian,0.22448979591836735,0.40625,0.28205128205128205,0.7586206896551724,Normal
Excelangue,0.32653061224489793,0.3125,0.358974358974359,0.1724137931034483,Normal
Leveinard,0.9795918367346939,0.0,0.0,0.3103448275862069,Normal
Kangourex,0.3877551020408163,0.5625,0.38461538461538464,0.5862068965517241,Normal
Tauros,0.2653061224489796,0.59375,0.46153846153846156,0.7241379310344828,Normal
Metamorph,0.15510204081632653,0.26875,0.2205128205128205,0.296551724137931,Normal
Evoli,0.1836734693877551,0.3125,0.23076923076923078,0.3448275862068966,Normal
Porygon,0.22448979591836735,0.34375,0.3333333333333333,0.2413793103448276,Normal
Ronflex,0.6122448979591837,0.65625,0.3076923076923077,0.1724137931034483,Normal
Fouinette,0.10204081632653061,0.25625,0.14871794871794872,0.10344827586206896,Normal
Fouinar,0.30612244897959184,0.44375,0.30256410256410254,0.5862068965517241,Normal
Capumain,0.1836734693877551,0.40625,0.2564102564102564,0.5517241379310345,Normal
Insolourdo,0.3673469387755102,0.40625,0.3333333333333333,0.27586206896551724,Normal
Teddiursa,0.20408163265306123,0.46875,0.23076923076923078,0.2413793103448276,Normal
Ursaring,0.32653061224489793,0.78125,0.358974358974359,0.3448275862068966,Normal
Porygon2,0.30612244897959184,0.46875,0.4358974358974359,0.3793103448275862,Normal
Cerfrousse,0.2571428571428571,0.5625,0.2923076923076923,0.5517241379310345,Normal
Queulorior,0.1836734693877551,0.09375,0.15384615384615385,0.4827586206896552,Normal
Ecremeuh,0.3469387755102041,0.46875,0.5128205128205128,0.6551724137931034,Normal
Leuphorie,1.0,0.03125,0.02564102564102564,0.3448275862068966,Normal
Zigzaton,0.11428571428571428,0.15625,0.18461538461538463,0.3793103448275862,Normal
Lineon,0.27755102040816326,0.40625,0.28717948717948716,0.6551724137931034,Normal
Parecool,0.20408163265306123,0.34375,0.28205128205128205,0.1724137931034483,Normal
Vigoroth,0.2857142857142857,0.46875,0.38461538461538464,0.5862068965517241,Normal
Monaflemit,0.5714285714285714,0.96875,0.48717948717948717,0.6551724137931034,Normal
Chuchmur,0.22040816326530613,0.2875,0.09230769230769231,0.15862068965517243,Normal
Ramboum,0.3020408163265306,0.4125,0.19487179487179487,0.296551724137931,Normal
Brouhabam,0.3836734693877551,0.5375,0.29743589743589743,0.43448275862068964,Normal
Skitty,0.16326530612244897,0.25,0.20512820512820512,0.3103448275862069,Normal
Delcatty,0.24489795918367346,0.375,0.3076923076923077,0.5862068965517241,Normal
Spinda,0.20408163265306123,0.34375,0.28205128205128205,0.3793103448275862,Normal
Mangriff,0.2571428571428571,0.6875,0.28205128205128205,0.5862068965517241,Normal
Kecleon,0.20408163265306123,0.53125,0.3333333333333333,0.2413793103448276,Normal
Keunotor,0.2,0.25,0.1794871794871795,0.1793103448275862,Normal
Capidextre,0.2653061224489796,0.59375,0.3128205128205128,0.7586206896551724,Normal
Laporeille,0.1836734693877551,0.38125,0.2,0.5517241379310345,Normal
Lockpin,0.22448979591836735,0.44375,0.40512820512820513,0.6896551724137931,Normal
Chaglam,0.15918367346938775,0.3125,0.18974358974358974,0.5517241379310345,Normal
Chaffreux,0.24897959183673468,0.48125,0.30256410256410254,0.7379310344827587,Normal
Ptiravi,0.3673469387755102,0.0,0.0,0.1724137931034483,Normal
Goinfrex,0.5102040816326531,0.5,0.1794871794871795,0.0,Normal
Coudlangue,0.40816326530612246,0.5,0.46153846153846156,0.3103448275862069,Normal
Porygon-Z,0.30612244897959184,0.46875,0.3333333333333333,0.5862068965517241,Normal
Regigigas,0.40816326530612246,0.96875,0.5384615384615384,0.6551724137931034,Normal
Arceus,0.4489795918367347,0.71875,0.5897435897435898,0.7931034482758621,Normal
Ratentif,0.14285714285714285,0.3125,0.17435897435897435,0.25517241379310346,Normal
Miradar,0.20408163265306123,0.5,0.3282051282051282,0.496551724137931,Normal
Ponchiot,0.14285714285714285,0.34375,0.20512820512820512,0.3448275862068966,Normal
Ponchien,0.22448979591836735,0.46875,0.3076923076923077,0.3793103448275862,Normal
Mastouffe,0.30612244897959184,0.65625,0.4358974358974359,0.5172413793103449,Normal
Nanmeouie,0.3795918367346939,0.34375,0.4153846153846154,0.3103448275862069,Normal
Chinchidou,0.1836734693877551,0.28125,0.1794871794871795,0.4827586206896552,Normal
Pashmilla,0.2653061224489796,0.5625,0.28205128205128205,0.7586206896551724,Normal
Frison,0.3469387755102041,0.65625,0.46153846153846156,0.3448275862068966,Normal
Sapereau,0.11428571428571428,0.19375,0.16923076923076924,0.3586206896551724,Normal
Couafarel,0.2653061224489796,0.46875,0.28205128205128205,0.6689655172413793,Normal
Carapuce,0.13877551020408163,0.26875,0.3076923076923077,0.2620689655172414,Eau
Carabaffe,0.2,0.3625,0.38461538461538464,0.36551724137931035,Eau
Psykokwak,0.16326530612244897,0.29375,0.2205128205128205,0.3448275862068966,Eau
Akwakwak,0.2857142857142857,0.48125,0.37435897435897436,0.5517241379310345,Eau
Ptitard,0.12244897959183673,0.28125,0.1794871794871795,0.5862068965517241,Eau
Tetarte,0.22448979591836735,0.375,0.3076923076923077,0.5862068965517241,Eau
Otaria,0.22448979591836735,0.25,0.2564102564102564,0.27586206896551724,Eau
Kokiyas,0.08163265306122448,0.375,0.48717948717948717,0.2413793103448276,Eau
Krabby,0.08163265306122448,0.625,0.4358974358974359,0.3103448275862069,Eau
Hypotrempe,0.08163265306122448,0.21875,0.3333333333333333,0.3793103448275862,Eau
Hypocean,0.1836734693877551,0.375,0.46153846153846156,0.5517241379310345,Eau
Poissirene,0.14285714285714285,0.3875,0.28205128205128205,0.4,Eau
Poissoroy,0.2857142857142857,0.54375,0.3076923076923077,0.43448275862068964,Eau
Stari,0.08163265306122448,0.25,0.2564102564102564,0.5517241379310345,Eau
Magicarpe,0.04081632653061224,0.03125,0.2564102564102564,0.5172413793103449,Eau
Aquali,0.4897959183673469,0.375,0.28205128205128205,0.41379310344827586,Eau
Kaiminus,0.16326530612244897,0.375,0.30256410256410254,0.2620689655172414,Eau
Crocrodil,0.22448979591836735,0.46875,0.38461538461538464,0.36551724137931035,Eau
Aligatueur,0.30612244897959184,0.625,0.48717948717948717,0.503448275862069,Eau
Tarpaud,0.32653061224489793,0.4375,0.358974358974359,0.4482758620689655,Eau
Remoraid,0.10204081632653061,0.375,0.15384615384615385,0.41379310344827586,Eau
Octillery,0.2653061224489796,0.625,0.358974358974359,0.27586206896551724,Eau
Suicune,0.3673469387755102,0.4375,0.5641025641025641,0.5517241379310345,Eau
Gobou,0.16326530612244897,0.40625,0.23076923076923078,0.2413793103448276,Eau
Wailmer,0.4897959183673469,0.40625,0.15384615384615385,0.3793103448275862,Eau
Wailord,0.6530612244897959,0.53125,0.20512820512820512,0.3793103448275862,Eau
Ecrapince,0.1346938775510204,0.46875,0.3076923076923077,0.20689655172413793,Eau
Barpau,0.04081632653061224,0.0625,0.07692307692307693,0.5172413793103449,Eau
Milobellus,0.3469387755102041,0.34375,0.37948717948717947,0.5241379310344828,Eau
Coquiperl,0.10204081632653061,0.36875,0.41025641025641024,0.18620689655172415,Eau
Serpang,0.1836734693877551,0.61875,0.5128205128205128,0.32413793103448274,Eau
Rosabyss,0.1836734693877551,0.49375,0.5128205128205128,0.32413793103448274,Eau
Lovdisc,0.1346938775510204,0.15625,0.2564102564102564,0.6344827586206897,Eau
Kyogre,0.3673469387755102,0.59375,0.4358974358974359,0.5862068965517241,Eau
Tiplouf,0.17551020408163265,0.2875,0.24615384615384617,0.2413793103448276,Eau
Prinplouf,0.22040816326530613,0.38125,0.3230769230769231,0.3103448275862069,Eau
Mustebouee,0.1836734693877551,0.375,0.15384615384615385,0.5517241379310345,Eau
Musteflott,0.30612244897959184,0.625,0.2564102564102564,0.7586206896551724,Eau
Sancoki,0.2693877551020408,0.26875,0.2205128205128205,0.2,Eau
Ecayon,0.15918367346938775,0.275,0.26153846153846155,0.4206896551724138,Eau
Lumineon,0.24081632653061225,0.4,0.3641025641025641,0.593103448275862,Eau
Phione,0.2857142857142857,0.46875,0.38461538461538464,0.5172413793103449,Eau
Manaphy,0.3673469387755102,0.59375,0.48717948717948717,0.6551724137931034,Eau
Moustillon,0.1836734693877551,0.3125,0.20512820512820512,0.27586206896551724,Eau
Mateloutre,0.2653061224489796,0.4375,0.28205128205128205,0.3793103448275862,Eau
Clamiral,0.3469387755102041,0.59375,0.41025641025641024,0.4482758620689655,Eau
Flotajou,0.16326530612244897,0.3,0.2205128205128205,0.4068965517241379,Eau
Flotoutan,0.2653061224489796,0.58125,0.29743589743589743,0.6620689655172414,Eau
Tritonde,0.16326530612244897,0.28125,0.1794871794871795,0.4068965517241379,Eau
Bargantua,0.24489795918367346,0.54375,0.3076923076923077,0.6413793103448275,Eau
Mamanbo,0.6326530612244898,0.4375,0.38461538461538464,0.41379310344827586,Eau
Grenousse,0.12653061224489795,0.31875,0.1794871794871795,0.45517241379310347,Eau
Croaporal,0.17959183673469387,0.3625,0.24102564102564103,0.6344827586206897,Eau
Flingouste,0.16326530612244897,0.3,0.2923076923076923,0.2689655172413793,Eau
Gamblast,0.24897959183673468,0.425,0.4256410256410256,0.3724137931034483,Eau
Abra,0.061224489795918366,0.09375,0.05128205128205128,0.5862068965517241,Psy
Kadabra,0.12244897959183673,0.1875,0.1282051282051282,0.6896551724137931,Psy
Alakazam,0.1836734693877551,0.28125,0.20512820512820512,0.7931034482758621,Psy
Soporifik,0.20408163265306123,0.26875,0.20512820512820512,0.25517241379310346,Psy
Hypnomade,0.30612244897959184,0.425,0.3333333333333333,0.42758620689655175,Psy
Mewtwo,0.39183673469387753,0.65625,0.4358974358974359,0.8620689655172413,Psy
Mew,0.3673469387755102,0.59375,0.48717948717948717,0.6551724137931034,Psy
Mentali,0.22448979591836735,0.375,0.28205128205128205,0.7241379310344828,Psy
Zarbi,0.15510204081632653,0.41875,0.2205128205128205,0.296551724137931,Psy
Qulbutoke,0.7346938775510204,0.175,0.2717948717948718,0.19310344827586207,Psy
Spoink,0.20408163265306123,0.125,0.15384615384615385,0.3793103448275862,Psy
Groret,0.2857142857142857,0.25,0.3076923076923077,0.5172413793103449,Psy
Eoko,0.2653061224489796,0.28125,0.38461538461538464,0.41379310344827586,Psy
Okeoke,0.3469387755102041,0.1125,0.2205128205128205,0.12413793103448276,Psy
Deoxys,0.16326530612244897,0.90625,0.23076923076923078,1.0,Psy
Korillon,0.14285714285714285,0.15625,0.23076923076923078,0.27586206896551724,Psy
Crehelf,0.2653061224489796,0.4375,0.6410256410256411,0.6206896551724138,Psy
Crefollet,0.2857142857142857,0.625,0.5128205128205128,0.5172413793103449,Psy
Crefadet,0.2653061224489796,0.75,0.3333333333333333,0.7586206896551724,Psy
Cresselia,0.4489795918367347,0.40625,0.5897435897435898,0.5517241379310345,Psy
Munna,0.2693877551020408,0.125,0.20512820512820512,0.1310344827586207,Psy
Mushana,0.4326530612244898,0.3125,0.41025641025641024,0.16551724137931034,Psy
Scrutella,0.14285714285714285,0.15625,0.23076923076923078,0.27586206896551724,Psy
Mesmerella,0.20408163265306123,0.25,0.3333333333333333,0.3448275862068966,Psy
Siderella,0.24489795918367346,0.3125,0.46153846153846156,0.41379310344827586,Psy
Nucleos,0.14285714285714285,0.15625,0.1794871794871795,0.10344827586206896,Psy
Meios,0.22448979591836735,0.21875,0.23076923076923078,0.1724137931034483,Psy
Symbios,0.40816326530612246,0.375,0.358974358974359,0.1724137931034483,Psy
Lewsor,0.1836734693877551,0.3125,0.2564102564102564,0.1724137931034483,Psy
Neitram,0.2653061224489796,0.4375,0.358974358974359,0.2413793103448276,Psy
Psystigri,0.21224489795918366,0.26875,0.2512820512820513,0.43448275862068964,Psy
Mistigrix,0.2612244897959184,0.26875,0.3641025641025641,0.6827586206896552,Psy
Saquedeneu,0.22448979591836735,0.3125,0.5641025641025641,0.3793103448275862,Plante
Germignon,0.14285714285714285,0.275,0.3076923076923077,0.27586206896551724,Plante
Macronium,0.20408163265306123,0.35625,0.38461538461538464,0.3793103448275862,Plante
Meganium,0.2857142857142857,0.48125,0.48717948717948717,0.5172413793103449,Plante
Joliflor,0.2653061224489796,0.46875,0.46153846153846156,0.3103448275862069,Plante
Tournegrin,0.08163265306122448,0.15625,0.1282051282051282,0.1724137931034483,Plante
Heliatronc,0.2653061224489796,0.4375,0.2564102564102564,0.1724137931034483,Plante
Arcko,0.12244897959183673,0.25,0.15384615384615385,0.4482758620689655,Plante
Massko,0.16326530612244897,0.375,0.20512820512820512,0.6206896551724138,Plante
Jungko,0.24489795918367346,0.5,0.3076923076923077,0.7931034482758621,Plante
Grainipiot,0.12244897959183673,0.21875,0.23076923076923078,0.1724137931034483,Plante
Balignon,0.20408163265306123,0.21875,0.28205128205128205,0.20689655172413793,Plante
Cacnea,0.16326530612244897,0.5,0.1794871794871795,0.20689655172413793,Plante
Tortipouss,0.1836734693877551,0.39375,0.30256410256410254,0.1793103448275862,Plante
Boskara,0.2653061224489796,0.525,0.41025641025641024,0.21379310344827587,Plante
Ceribou,0.14285714285714285,0.1875,0.20512820512820512,0.20689655172413793,Plante
Ceriflor,0.24489795918367346,0.34375,0.3333333333333333,0.5517241379310345,Plante
Vortente,0.2612244897959184,0.59375,0.3435897435897436,0.2827586206896552,Plante
Bouldeneu,0.3673469387755102,0.59375,0.6153846153846154,0.3103448275862069,Plante
Phyllali,0.22448979591836735,0.65625,0.6410256410256411,0.6206896551724138,Plante
Shaymin,0.3673469387755102,0.59375,0.48717948717948717,0.6551724137931034,Plante
Vipelierre,0.14285714285714285,0.25,0.2564102564102564,0.4,Plante
Lianaja,0.20408163265306123,0.34375,0.358974358974359,0.5379310344827586,Plante
Majaspic,0.2653061224489796,0.4375,0.46153846153846156,0.7448275862068966,Plante
Feuillajou,0.16326530612244897,0.3,0.2205128205128205,0.4068965517241379,Plante
Feuiloutan,0.2653061224489796,0.58125,0.29743589743589743,0.6620689655172414,Plante
Chlorobule,0.14285714285714285,0.1875,0.23076923076923078,0.1724137931034483,Plante
Fragilady,0.24489795918367346,0.34375,0.358974358974359,0.5862068965517241,Plante
Maracachi,0.2653061224489796,0.50625,0.31794871794871793,0.3793103448275862,Plante
Marisson,0.18775510204081633,0.35,0.3076923076923077,0.22758620689655173,Plante
Boguerisse,0.20816326530612245,0.45625,0.46153846153846156,0.3586206896551724,Plante
Cabriolaine,0.22857142857142856,0.375,0.2205128205128205,0.32413793103448274,Plante
Chevroum,0.46122448979591835,0.59375,0.2923076923076923,0.43448275862068964,Plante
Salameche,0.11836734693877551,0.29375,0.19487179487179487,0.41379310344827586,Feu
Reptincel,0.19591836734693877,0.36875,0.2717948717948718,0.5172413793103449,Feu
Goupix,0.11428571428571428,0.225,0.1794871794871795,0.41379310344827586,Feu
Feunard,0.2571428571428571,0.44375,0.358974358974359,0.6551724137931034,Feu
Caninos,0.1836734693877551,0.40625,0.20512820512820512,0.3793103448275862,Feu
Arcanin,0.32653061224489793,0.65625,0.38461538461538464,0.6206896551724138,Feu
Ponyta,0.16326530612244897,0.5,0.2564102564102564,0.5862068965517241,Feu
Galopa,0.22448979591836735,0.59375,0.3333333333333333,0.6896551724137931,Feu
Magmar,0.22448979591836735,0.5625,0.26666666666666666,0.6068965517241379,Feu
Pyroli,0.22448979591836735,0.78125,0.28205128205128205,0.41379310344827586,Feu
Hericendre,0.11836734693877551,0.29375,0.19487179487179487,0.41379310344827586,Feu
Feurisson,0.19591836734693877,0.36875,0.2717948717948718,0.5172413793103449,Feu
Typhlosion,0.27755102040816326,0.49375,0.37435897435897436,0.6551724137931034,Feu
Limagma,0.12244897959183673,0.21875,0.1794871794871795,0.10344827586206896,Feu
Magby,0.14285714285714285,0.4375,0.1641025641025641,0.5379310344827586,Feu
Entei,0.42857142857142855,0.6875,0.41025641025641024,0.6551724137931034,Feu
Poussifeu,0.14285714285714285,0.34375,0.1794871794871795,0.27586206896551724,Feu
Chartor,0.24489795918367346,0.5,0.6923076923076923,0.10344827586206896,Feu
Ouisticram,0.13877551020408163,0.33125,0.2,0.38620689655172413,Feu
Maganon,0.2653061224489796,0.5625,0.31794871794871793,0.5379310344827586,Feu
Gruikui,0.22448979591836735,0.3625,0.20512820512820512,0.27586206896551724,Feu
Flamajou,0.16326530612244897,0.3,0.2205128205128205,0.4068965517241379,Feu
Flamoutan,0.2653061224489796,0.58125,0.29743589743589743,0.6620689655172414,Feu
Darumarond,0.24489795918367346,0.53125,0.20512820512820512,0.3103448275862069,Feu
Darumacho,0.3877551020408163,0.84375,0.2564102564102564,0.6206896551724138,Feu
Aflamanoir,0.30612244897959184,0.575,0.3128205128205128,0.41379310344827586,Feu
Feunnec,0.12244897959183673,0.25,0.1794871794871795,0.3793103448275862,Feu
Roussil,0.2,0.3375,0.2717948717948718,0.4689655172413793,Feu
Pikachu,0.10204081632653061,0.3125,0.1794871794871795,0.5862068965517241,Electrik
Raichu,0.20408163265306123,0.53125,0.2564102564102564,0.7241379310344828,Electrik
Voltorbe,0.12244897959183673,0.15625,0.23076923076923078,0.6551724137931034,Electrik
Electrode,0.20408163265306123,0.28125,0.3333333333333333,1.0,Electrik
Elektek,0.22448979591836735,0.4875,0.26666666666666666,0.6896551724137931,Electrik
Voltali,0.22448979591836735,0.375,0.28205128205128205,0.8620689655172413,Electrik
Pichu,0.04081632653061224,0.21875,0.05128205128205128,0.3793103448275862,Electrik
Wattouat,0.1836734693877551,0.21875,0.1794871794871795,0.20689655172413793,Electrik
Lainergie,0.24489795918367346,0.3125,0.2564102564102564,0.27586206896551724,Electrik
Pharamp,0.32653061224489793,0.4375,0.41025641025641024,0.3448275862068966,Electrik
Elekid,0.14285714285714285,0.3625,0.1641025641025641,0.6206896551724138,Electrik
Raikou,0.32653061224489793,0.5,0.358974358974359,0.7586206896551724,Electrik
Dynavolt,0.12244897959183673,0.25,0.1794871794871795,0.41379310344827586,Electrik
Elecsprint,0.24489795918367346,0.4375,0.28205128205128205,0.6896551724137931,Electrik
Posipi,0.20408163265306123,0.28125,0.1794871794871795,0.6206896551724138,Electrik
Negapi,0.20408163265306123,0.21875,0.23076923076923078,0.6206896551724138,Electrik
Lixy,0.14285714285714285,0.375,0.14871794871794872,0.27586206896551724,Electrik
Luxio,0.20408163265306123,0.5,0.22564102564102564,0.3793103448275862,Electrik
Luxray,0.2857142857142857,0.71875,0.37948717948717947,0.4482758620689655,Electrik
Pachirisu,0.20408163265306123,0.25,0.3333333333333333,0.6206896551724138,Electrik
Elekable,0.2653061224489796,0.7375,0.31794871794871793,0.6206896551724138,Electrik
Zebibron,0.14285714285714285,0.34375,0.13846153846153847,0.4896551724137931,Electrik
Zeblitz,0.2653061224489796,0.59375,0.29743589743589743,0.7655172413793103,Electrik
Anchwatt,0.10204081632653061,0.3125,0.1794871794871795,0.3793103448275862,Electrik
Lamperoie,0.22448979591836735,0.5,0.3333333333333333,0.2413793103448276,Electrik
Ohmassacre,0.30612244897959184,0.6875,0.38461538461538464,0.3103448275862069,Electrik
Ferosinge,0.12244897959183673,0.46875,0.15384615384615385,0.4482758620689655,Combat
Colossinge,0.22448979591836735,0.625,0.28205128205128205,0.6206896551724138,Combat
Machoc,0.24489795918367346,0.46875,0.23076923076923078,0.20689655172413793,Combat
Machopeur,0.2857142857142857,0.59375,0.3333333333333333,0.27586206896551724,Combat
Mackogneur,0.32653061224489793,0.78125,0.38461538461538464,0.3448275862068966,Combat
Kicklee,0.16326530612244897,0.71875,0.24615384615384617,0.5655172413793104,Combat
Tygnon,0.16326530612244897,0.625,0.37948717948717947,0.4896551724137931,Combat
Debugant,0.10204081632653061,0.1875,0.15384615384615385,0.20689655172413793,Combat
Kapoera,0.16326530612244897,0.5625,0.46153846153846156,0.4482758620689655,Combat
Makuhita,0.2530612244897959,0.34375,0.1282051282051282,0.13793103448275862,Combat
Hariyama,0.5469387755102041,0.71875,0.28205128205128205,0.3103448275862069,Combat
Riolu,0.12244897959183673,0.40625,0.1794871794871795,0.3793103448275862,Combat
Charpenti,0.2653061224489796,0.46875,0.2564102564102564,0.20689655172413793,Combat
Ouvrifier,0.30612244897959184,0.625,0.41025641025641024,0.2413793103448276,Combat
Betochef,0.3877551020408163,0.84375,0.46153846153846156,0.27586206896551724,Combat
Judokrak,0.4489795918367347,0.59375,0.41025641025641024,0.27586206896551724,Combat
Karaclee,0.2653061224489796,0.75,0.358974358974359,0.5517241379310345,Combat
Kungfouine,0.14285714285714285,0.5,0.23076923076923078,0.41379310344827586,Combat
Shaofouine,0.22448979591836735,0.75,0.28205128205128205,0.6896551724137931,Combat
Pandespiegle,0.23265306122448978,0.48125,0.2923076923076923,0.2620689655172414,Combat
Sabelette,0.16326530612244897,0.4375,0.41025641025641024,0.2413793103448276,Sol
Sablaireau,0.2653061224489796,0.59375,0.5384615384615384,0.41379310344827586,Sol
Taupiqueur,0.0,0.3125,0.10256410256410256,0.6206896551724138,Sol
Triopikeur,0.10204081632653061,0.59375,0.23076923076923078,0.7931034482758621,Sol
Osselait,0.16326530612244897,0.28125,0.46153846153846156,0.20689655172413793,Sol
Ossatueur,0.20408163265306123,0.46875,0.5384615384615384,0.27586206896551724,Sol
Phanpy,0.32653061224489793,0.34375,0.28205128205128205,0.2413793103448276,Sol
Donphan,0.32653061224489793,0.71875,0.5897435897435898,0.3103448275862069,Sol
Kraknoix,0.14285714285714285,0.59375,0.20512820512820512,0.034482758620689655,Sol
Groudon,0.3673469387755102,0.90625,0.6923076923076923,0.5862068965517241,Sol
Hippopotas,0.23673469387755103,0.41875,0.37435897435897436,0.18620689655172415,Sol
Hippodocus,0.4,0.66875,0.5794871794871795,0.2896551724137931,Sol
Rototaupe,0.20408163265306123,0.5,0.1794871794871795,0.43448275862068964,Sol
Chenipan,0.14285714285714285,0.15625,0.15384615384615385,0.27586206896551724,Insecte
Chrysacier,0.16326530612244897,0.09375,0.2564102564102564,0.1724137931034483,Insecte
Scarabrute,0.22448979591836735,0.75,0.48717948717948717,0.5517241379310345,Insecte
Pomdepik,0.16326530612244897,0.375,0.4358974358974359,0.06896551724137931,Insecte
Chenipotte,0.14285714285714285,0.25,0.15384615384615385,0.10344827586206896,Insecte
Armulys,0.16326530612244897,0.1875,0.2564102564102564,0.06896551724137931,Insecte
Blindalys,0.16326530612244897,0.1875,0.2564102564102564,0.06896551724137931,Insecte
Muciole,0.22448979591836735,0.425,0.358974358974359,0.5517241379310345,Insecte
Lumivole,0.22448979591836735,0.2625,0.358974358974359,0.5517241379310345,Insecte
Crikzik,0.11020408163265306,0.125,0.18461538461538463,0.13793103448275862,Insecte
Melokrik,0.27346938775510204,0.5,0.2358974358974359,0.41379310344827586,Insecte
Cheniti,0.12244897959183673,0.15,0.20512820512820512,0.21379310344827587,Insecte
Carabing,0.16326530612244897,0.4375,0.20512820512820512,0.3793103448275862,Insecte
Escargaume,0.16326530612244897,0.21875,0.41025641025641024,0.13793103448275862,Insecte
Limaspeed,0.2857142857142857,0.40625,0.1794871794871795,0.9655172413793104,Insecte
Lepidonille,0.11428571428571428,0.1875,0.1794871794871795,0.20689655172413793,Insecte
Peregrain,0.14285714285714285,0.10625,0.28205128205128205,0.16551724137931034,Insecte
Abo,0.10204081632653061,0.34375,0.2,0.3448275862068966,Poison
Arbok,0.20408163265306123,0.5625,0.3282051282051282,0.5172413793103449,Poison
Nidoran F,0.1836734693877551,0.2625,0.24102564102564103,0.2482758620689655,Poison
Nidorina,0.24489795918367346,0.35625,0.31794871794871793,0.35172413793103446,Poison
Nidoran M,0.1469387755102041,0.325,0.1794871794871795,0.3103448275862069,Poison
Nidorino,0.20816326530612245,0.41875,0.26666666666666666,0.41379310344827586,Poison
Tadmorv,0.2857142857142857,0.46875,0.23076923076923078,0.13793103448275862,Poison
Grotadmorv,0.3877551020408163,0.625,0.358974358974359,0.3103448275862069,Poison
Smogo,0.12244897959183673,0.375,0.46153846153846156,0.20689655172413793,Poison
Smogogo,0.22448979591836735,0.53125,0.5897435897435898,0.3793103448275862,Poison
Gloupti,0.24489795918367346,0.2375,0.24615384615384617,0.2413793103448276,Poison
Avaltout,0.3673469387755102,0.425,0.4,0.3448275862068966,Poison
Seviper,0.2571428571428571,0.59375,0.28205128205128205,0.41379310344827586,Poison
Miamiasme,0.16326530612244897,0.28125,0.2923076923076923,0.41379310344827586,Poison
Miasmax,0.2857142857142857,0.5625,0.39487179487179486,0.4827586206896552,Poison
Melofee,0.24489795918367346,0.25,0.2205128205128205,0.20689655172413793,Fée
Melodelfe,0.3469387755102041,0.40625,0.3487179487179487,0.3793103448275862,Fée
Melo,0.16326530612244897,0.125,0.11794871794871795,0.06896551724137931,Fée
Togepi,0.10204081632653061,0.09375,0.3076923076923077,0.10344827586206896,Fée
Snubbull,0.20408163265306123,0.46875,0.23076923076923078,0.1724137931034483,Fée
Granbull,0.32653061224489793,0.71875,0.358974358974359,0.27586206896551724,Fée
Flabebe,0.13877551020408163,0.20625,0.17435897435897435,0.25517241379310346,Fée
Floette,0.17959183673469387,0.25,0.2153846153846154,0.32413793103448274,Fée
Florges,0.27755102040816326,0.375,0.3230769230769231,0.4827586206896552,Fée
Fluvetin,0.27755102040816326,0.29375,0.28205128205128205,0.12413793103448276,Fée
Cocotine,0.37142857142857144,0.41875,0.3435897435897436,0.16551724137931034,Fée
Sucroquin,0.21224489795918366,0.26875,0.3128205128205128,0.30344827586206896,Fée
Cupcanaille,0.2938775510204082,0.46875,0.4153846153846154,0.46206896551724136,Fée
Nymphali,0.3469387755102041,0.375,0.3076923076923077,0.3793103448275862,Fée
Xerneas,0.47346938775510206,0.7875,0.46153846153846156,0.6482758620689655,Fée
Stalgamin,0.16326530612244897,0.28125,0.23076923076923078,0.3103448275862069,Glace
Oniglali,0.2857142857142857,0.46875,0.38461538461538464,0.5172413793103449,Glace
Regice,0.2857142857142857,0.28125,0.48717948717948717,0.3103448275862069,Glace
Givrali,0.22448979591836735,0.34375,0.5384615384615384,0.41379310344827586,Glace
Sorbebe,0.10612244897959183,0.28125,0.23076923076923078,0.2689655172413793,Glace
Sorboul,0.1673469387755102,0.375,0.3076923076923077,0.3724137931034483,Glace
Sorbouboul,0.24897959183673468,0.5625,0.41025641025641024,0.5103448275862069,Glace
Polarhume,0.1836734693877551,0.40625,0.1794871794871795,0.2413793103448276,Glace
Polagriffe,0.3469387755102041,0.78125,0.38461538461538464,0.3103448275862069,Glace
Hexagel,0.2857142857142857,0.28125,0.23076923076923078,0.6896551724137931,Glace
Grelacon,0.1836734693877551,0.4,0.41025641025641024,0.15862068965517243,Glace
Seracrawl,0.3469387755102041,0.7,0.9179487179487179,0.15862068965517243,Glace
Minidraco,0.12653061224489795,0.36875,0.20512820512820512,0.3103448275862069,Dragon
Draco,0.20816326530612245,0.49375,0.3076923076923077,0.4482758620689655,Dragon
Draby,0.14285714285714285,0.4375,0.28205128205128205,0.3103448275862069,Dragon
Drackhaus,0.22448979591836735,0.5625,0.48717948717948717,0.3103448275862069,Dragon
Coupenotte,0.1469387755102041,0.5125,0.28205128205128205,0.3586206896551724,Dragon
Incisache,0.22857142857142856,0.7,0.3333333333333333,0.42758620689655175,Dragon
Tranchodon,0.2693877551020408,0.8875,0.4358974358974359,0.6344827586206897,Dragon
Drakkarmin,0.27346938775510204,0.71875,0.4358974358974359,0.296551724137931,Dragon
Mucuscule,0.14285714285714285,0.28125,0.15384615384615385,0.2413793103448276,Dragon
Colimucus,0.23673469387755103,0.4375,0.24615384615384617,0.3793103448275862,Dragon
Muplodocus,0.32653061224489793,0.59375,0.3333333333333333,0.5172413793103449,Dragon
Feuforeve,0.20408163265306123,0.34375,0.28205128205128205,0.5517241379310345,Spectre
Polichombr,0.13877551020408163,0.4375,0.15384615384615385,0.27586206896551724,Spectre
Branette,0.22040816326530613,0.6875,0.3076923076923077,0.41379310344827586,Spectre
Skelenox,0.04081632653061224,0.21875,0.4358974358974359,0.13793103448275862,Spectre
Teraclope,0.12244897959183673,0.40625,0.6410256410256411,0.13793103448275862,Spectre
Magireve,0.20408163265306123,0.34375,0.28205128205128205,0.6896551724137931,Spectre
Noctunoir,0.14285714285714285,0.59375,0.6666666666666666,0.27586206896551724,Spectre
Tutafeh,0.11428571428571428,0.15625,0.41025641025641024,0.1724137931034483,Spectre
Tutankafer,0.19591836734693877,0.28125,0.717948717948718,0.1724137931034483,Spectre
Noctali,0.3469387755102041,0.375,0.5384615384615384,0.41379310344827586,Ténèbres
Medhyena,0.10204081632653061,0.3125,0.15384615384615385,0.20689655172413793,Ténèbres
Grahyena,0.24489795918367346,0.53125,0.3333333333333333,0.4482758620689655,Ténèbres
Absol,0.22448979591836735,0.78125,0.28205128205128205,0.4827586206896552,Ténèbres
Darkrai,0.24489795918367346,0.53125,0.4358974358974359,0.8275862068965517,Ténèbres
Chacripan,0.12653061224489795,0.28125,0.1641025641025641,0.4206896551724138,Ténèbres
Leopardus,0.22040816326530613,0.51875,0.23076923076923078,0.696551724137931,Ténèbres
Zorua,0.12244897959183673,0.375,0.1794871794871795,0.41379310344827586,Ténèbres
Zoroark,0.20408163265306123,0.625,0.28205128205128205,0.6896551724137931,Ténèbres
Simularbre,0.24489795918367346,0.59375,0.5641025641025641,0.1724137931034483,Roche
Tarinor,0.08163265306122448,0.25,0.6666666666666666,0.1724137931034483,Roche
Regirock,0.2857142857142857,0.59375,1.0,0.3103448275862069,Roche
Kranidos,0.23265306122448978,0.75,0.1794871794871795,0.36551724137931035,Roche
Charkos,0.3551020408163265,1.0,0.28205128205128205,0.36551724137931035,Roche
Manzai,0.16326530612244897,0.46875,0.46153846153846156,0.034482758620689655,Roche
Nodulithe,0.1836734693877551,0.4375,0.41025641025641024,0.06896551724137931,Roche
Geolithe,0.24489795918367346,0.625,0.5128205128205128,0.10344827586206896,Roche
Gigalithe,0.30612244897959184,0.8125,0.6410256410256411,0.13793103448275862,Roche
Registeel,0.2857142857142857,0.4375,0.7435897435897436,0.3103448275862069,Acier
Tic,0.12244897959183673,0.3125,0.3333333333333333,0.1724137931034483,Acier
Clic,0.20408163265306123,0.46875,0.46153846153846156,0.3103448275862069,Acier
Cliticlic,0.20408163265306123,0.59375,0.5641025641025641,0.5862068965517241,Acier
Boreas,0.2816326530612245,0.6875,0.3333333333333333,0.7310344827586207,Vol
